{
  "rf": {
    "accuracy": {
      "mean": 0.8504065040650406,
      "std": 0.003982910150866923,
      "raw": [
        0.8536585365853658,
        0.8536585365853658,
        0.8455284552845529,
        0.8455284552845529,
        0.8536585365853658
      ]
    },
    "precision": {
      "mean": 0.8405149751246952,
      "std": 0.004002182241115736,
      "raw": [
        0.8383838383838383,
        0.845360824742268,
        0.8367346938775511,
        0.8367346938775511,
        0.845360824742268
      ]
    },
    "recall": {
      "mean": 0.9670588235294117,
      "std": 0.00470588235294116,
      "raw": [
        0.9764705882352941,
        0.9647058823529412,
        0.9647058823529412,
        0.9647058823529412,
        0.9647058823529412
      ]
    },
    "f1": {
      "mean": 0.8993442884034474,
      "std": 0.0026174268617452988,
      "raw": [
        0.9021739130434783,
        0.9010989010989011,
        0.8961748633879781,
        0.8961748633879781,
        0.9010989010989011
      ]
    },
    "roc_auc": {
      "mean": 0.8579566563467491,
      "std": 0.0024330504897075887,
      "raw": [
        0.8554179566563467,
        0.8600619195046441,
        0.8560371517027864,
        0.856656346749226,
        0.861609907120743
      ]
    },
    "brier": {
      "mean": 0.1285120811668622,
      "std": 0.0017112863762920056,
      "raw": [
        0.12687106531902395,
        0.13090240412020426,
        0.13022844116933632,
        0.12763299870651665,
        0.12692549651922982
      ]
    }
  },
  "hgb": {
    "accuracy": {
      "mean": 0.8130081300813007,
      "std": 1.1102230246251565e-16,
      "raw": [
        0.8130081300813008,
        0.8130081300813008,
        0.8130081300813008,
        0.8130081300813008,
        0.8130081300813008
      ]
    },
    "precision": {
      "mean": 0.8369565217391305,
      "std": 0.0,
      "raw": [
        0.8369565217391305,
        0.8369565217391305,
        0.8369565217391305,
        0.8369565217391305,
        0.8369565217391305
      ]
    },
    "recall": {
      "mean": 0.9058823529411765,
      "std": 0.0,
      "raw": [
        0.9058823529411765,
        0.9058823529411765,
        0.9058823529411765,
        0.9058823529411765,
        0.9058823529411765
      ]
    },
    "f1": {
      "mean": 0.8700564971751412,
      "std": 0.0,
      "raw": [
        0.8700564971751412,
        0.8700564971751412,
        0.8700564971751412,
        0.8700564971751412,
        0.8700564971751412
      ]
    },
    "roc_auc": {
      "mean": 0.8306501547987615,
      "std": 1.1102230246251565e-16,
      "raw": [
        0.8306501547987616,
        0.8306501547987616,
        0.8306501547987616,
        0.8306501547987616,
        0.8306501547987616
      ]
    },
    "brier": {
      "mean": 0.1331851332720659,
      "std": 0.0,
      "raw": [
        0.1331851332720659,
        0.1331851332720659,
        0.1331851332720659,
        0.1331851332720659,
        0.1331851332720659
      ]
    }
  },
  "mlp_baseline_raw": {
    "accuracy": [
      0.8699186991869918,
      0.8292682926829268,
      0.8211382113821138,
      0.8130081300813008,
      0.8292682926829268
    ],
    "precision": [
      0.8556701030927835,
      0.826530612244898,
      0.8118811881188119,
      0.8229166666666666,
      0.8137254901960784
    ],
    "recall": [
      0.9764705882352941,
      0.9529411764705882,
      0.9647058823529412,
      0.9294117647058824,
      0.9764705882352941
    ],
    "f1": [
      0.9120879120879121,
      0.8852459016393442,
      0.8817204301075269,
      0.8729281767955801,
      0.8877005347593583
    ],
    "roc_auc": [
      0.7910216718266254,
      0.789938080495356,
      0.7377708978328174,
      0.8071207430340558,
      0.7489164086687307
    ],
    "brier": [
      0.1319396985393959,
      0.14315579797217454,
      0.16618033374422117,
      0.1385094407995659,
      0.16250624852526
    ]
  },
  "dp_sweep_raw": {
    "200.0": {
      "accuracy": [
        0.5691056910569106,
        0.2682926829268293,
        0.5609756097560976,
        0.5121951219512195,
        0.5121951219512195
      ],
      "precision": [
        0.6632653061224489,
        0.41379310344827586,
        0.7719298245614035,
        0.6436781609195402,
        0.7450980392156863
      ],
      "recall": [
        0.7647058823529411,
        0.1411764705882353,
        0.5176470588235295,
        0.6588235294117647,
        0.4470588235294118
      ],
      "f1": [
        0.7103825136612022,
        0.21052631578947367,
        0.6197183098591549,
        0.6511627906976745,
        0.5588235294117647
      ],
      "roc_auc": [
        0.4291021671826626,
        0.37910216718266254,
        0.6495356037151703,
        0.42817337461300314,
        0.5854489164086687
      ],
      "brier": [
        0.4321630093311547,
        0.6651924149939938,
        0.4347361261508898,
        0.4426191012414328,
        0.4989937055019216
      ]
    },
    "100.0": {
      "accuracy": [
        0.6829268292682927,
        0.4634146341463415,
        0.6016260162601627,
        0.5528455284552846,
        0.6097560975609756
      ],
      "precision": [
        0.6982758620689655,
        0.6557377049180327,
        0.8,
        0.6744186046511628,
        0.7936507936507936
      ],
      "recall": [
        0.9529411764705882,
        0.47058823529411764,
        0.5647058823529412,
        0.6823529411764706,
        0.5882352941176471
      ],
      "f1": [
        0.8059701492537313,
        0.547945205479452,
        0.6620689655172414,
        0.6783625730994152,
        0.6756756756756757
      ],
      "roc_auc": [
        0.42492260061919507,
        0.4352941176470588,
        0.6625386996904026,
        0.49582043343653254,
        0.6578947368421053
      ],
      "brier": [
        0.3165980326027386,
        0.49888115539915756,
        0.39295559039737443,
        0.30331439099990276,
        0.35811807699644865
      ]
    },
    "60.0": {
      "accuracy": [
        0.6747967479674797,
        0.6178861788617886,
        0.7479674796747967,
        0.6829268292682927,
        0.6747967479674797
      ],
      "precision": [
        0.6923076923076923,
        0.7209302325581395,
        0.7872340425531915,
        0.7875,
        0.8
      ],
      "recall": [
        0.9529411764705882,
        0.7294117647058823,
        0.8705882352941177,
        0.7411764705882353,
        0.7058823529411765
      ],
      "f1": [
        0.801980198019802,
        0.7251461988304093,
        0.8268156424581006,
        0.7636363636363637,
        0.75
      ],
      "roc_auc": [
        0.44040247678018574,
        0.4741486068111455,
        0.6851393188854489,
        0.6811145510835914,
        0.7154798761609906
      ],
      "brier": [
        0.29165891466447136,
        0.34479393111956286,
        0.20794031527836038,
        0.22890243215965786,
        0.24359459546632292
      ]
    },
    "40.0": {
      "accuracy": [
        0.6260162601626016,
        0.7154471544715447,
        0.7886178861788617,
        0.7723577235772358,
        0.7479674796747967
      ],
      "precision": [
        0.6788990825688074,
        0.7717391304347826,
        0.7920792079207921,
        0.7878787878787878,
        0.7934782608695652
      ],
      "recall": [
        0.8705882352941177,
        0.8352941176470589,
        0.9411764705882353,
        0.9176470588235294,
        0.8588235294117647
      ],
      "f1": [
        0.7628865979381443,
        0.8022598870056498,
        0.8602150537634409,
        0.8478260869565217,
        0.8248587570621468
      ],
      "roc_auc": [
        0.4640866873065015,
        0.541795665634675,
        0.6786377708978327,
        0.721671826625387,
        0.728173374613003
      ],