{
  "dataset": {
    "name": "German Credit (Statlog), 572-record subsample",
    "n_train": 457,
    "n_test": 115,
    "n_features": 20,
    "train_good": 325,
    "train_bad": 132
  },
  "baseline_nonprivate": {
    "accuracy": {
      "mean": 0.7669565217391304,
      "std": 0.02013189026572212
    },
    "precision": {
      "mean": 0.7743328160997265,
      "std": 0.016728125394059122
    },
    "recall": {
      "mean": 0.9512195121951219,
      "std": 0.029871826131502147
    },
    "f1": {
      "mean": 0.8533153721027682,
      "std": 0.012984268820662002
    },
    "roc_auc": {
      "mean": 0.795861049519586,
      "std": 0.019773607785731263
    },
    "brier": {
      "mean": 0.15987286629603933,
      "std": 0.007961169461207025
    }
  },
  "dp_sgd": {
    "200.0": {
      "epsilon": 0.39015096274321875,
      "n_steps": 30,
      "metrics": {
        "accuracy": {
          "mean": 0.5426086956521738,
          "std": 0.09969329146411489
        },
        "precision": {
          "mean": 0.6961374156110998,
          "std": 0.07182831853353483
        },
        "recall": {
          "mean": 0.6341463414634146,
          "std": 0.13754021638899203
        },
        "f1": {
          "mean": 0.657861949766056,
          "std": 0.09354171811195736
        },
        "roc_auc": {
          "mean": 0.48373983739837395,
          "std": 0.11057395962248096
        },
        "brier": {
          "mean": 0.45322566810515086,
          "std": 0.10052809548486684
        }
      }
    },
    "15.0": {
      "epsilon": 7.193192607816151,
      "n_steps": 30,
      "metrics": {
        "accuracy": {
          "mean": 0.7408695652173913,
          "std": 0.024839751055801187
        },
        "precision": {
          "mean": 0.7447786787775994,
          "std": 0.022450238826513827
        },
        "recall": {
          "mean": 0.9707317073170731,
          "std": 0.012436632959982413
        },
        "f1": {
          "mean": 0.8425529759544041,
          "std": 0.012017804648007004
        },
        "roc_auc": {
          "mean": 0.7381005173688101,
          "std": 0.04107079541931089
        },
        "brier": {
          "mean": 0.18273973437890328,
          "std": 0.012664906431297942
        }
      }
    }
  }
}