{
  "class_balance_comparison": {
    "no_balancing": {
      "accuracy": 0.8455284552845529,
      "precision": 0.83,
      "recall": 0.9764705882352941,
      "f1": 0.8972972972972973,
      "roc_auc": 0.7585139318885449,
      "brier": 0.14180872863547225,
      "confusion_matrix": [
        [
          21,
          17
        ],
        [
          2,
          83
        ]
      ]
    },
    "smote": {
      "accuracy": 0.7804878048780488,
      "precision": 0.8222222222222222,
      "recall": 0.8705882352941177,
      "f1": 0.8457142857142858,
      "roc_auc": 0.730030959752322,
      "brier": 0.18117847639761428,
      "confusion_matrix": [
        [
          22,
          16
        ],
        [
          11,
          74
        ]
      ]
    },
    "class_weighting": {
      "accuracy": 0.8130081300813008,
      "precision": 0.8297872340425532,
      "recall": 0.9176470588235294,
      "f1": 0.8715083798882681,
      "roc_auc": 0.7718266253869969,
      "brier": 0.16525356948131043,
      "confusion_matrix": [
        [
          22,
          16
        ],
        [
          7,
          78
        ]
      ]
    }
  },
  "baseline_nonprivate": {
    "mean": {
      "accuracy": 0.8325203252032521,
      "precision": 0.8261448120638477,
      "recall": 0.96,
      "f1": 0.8879365910779443,
      "roc_auc": 0.7749535603715171,
      "brier": 0.1484583039161235
    },
    "std": {
      "accuracy": 0.019647229225357016,
      "precision": 0.015748035423690434,
      "recall": 0.017607799467171472,
      "f1": 0.013072681402438164,
      "roc_auc": 0.026750444302035003,
      "brier": 0.01350093225787774
    },
    "runs": [
      {
        "accuracy": 0.8699186991869918,
        "precision": 0.8556701030927835,
        "recall": 0.9764705882352941,
        "f1": 0.9120879120879121,
        "roc_auc": 0.7910216718266254,
        "brier": 0.1319396985393959
      },
      {
        "accuracy": 0.8292682926829268,
        "precision": 0.826530612244898,
        "recall": 0.9529411764705882,
        "f1": 0.8852459016393442,
        "roc_auc": 0.789938080495356,
        "brier": 0.14315579797217454
      },
      {
        "accuracy": 0.8211382113821138,
        "precision": 0.8118811881188119,
        "recall": 0.9647058823529412,
        "f1": 0.8817204301075269,
        "roc_auc": 0.7377708978328174,
        "brier": 0.16618033374422117
      },
      {
        "accuracy": 0.8130081300813008,
        "precision": 0.8229166666666666,
        "recall": 0.9294117647058824,
        "f1": 0.8729281767955801,
        "roc_auc": 0.8071207430340558,
        "brier": 0.1385094407995659
      },
      {
        "accuracy": 0.8292682926829268,
        "precision": 0.8137254901960784,
        "recall": 0.9764705882352941,
        "f1": 0.8877005347593583,
        "roc_auc": 0.7489164086687307,
        "brier": 0.16250624852526
      }
    ]
  },
  "dp_sgd_sweep": [
    {
      "sigma": 200.0,
      "epsilon": 0.3941911370200045,
      "delta": 0.002036659877800407,
      "n_steps": 30,
      "mean": {
        "accuracy": 0.4845528455284553,
        "precision": 0.647552886853471,
        "recall": 0.5058823529411764,
        "f1": 0.550122691883854,
        "roc_auc": 0.4942724458204335,
        "brier": 0.49474087144387857
      },
      "std": {
        "accuracy": 0.11071248475153954,
        "precision": 0.126404279469456,
        "recall": 0.2130678856032333,
        "f1": 0.17671291142183185,
        "roc_auc": 0.10421155646288441,
        "brier": 0.08866233981737026
      }
    },
    {
      "sigma": 100.0,
      "epsilon": 0.8103330266563542,
      "delta": 0.002036659877800407,
      "n_steps": 30,
      "mean": {
        "accuracy": 0.5821138211382114,
        "precision": 0.7244165930577909,
        "recall": 0.6517647058823529,
        "f1": 0.6740045138051031,
        "roc_auc": 0.5352941176470589,
        "brier": 0.3739734492791244
      },
      "std": {
        "accuracy": 0.07246269904116161,
        "precision": 0.06067314442848104,
        "recall": 0.16497457075725272,
        "f1": 0.08181701648269031,
        "roc_auc": 0.10484477955776188,
        "brier": 0.06999755783671213
      }
    },
    {
      "sigma": 60.0,
      "epsilon": 1.4004201782316528,
      "delta": 0.002036659877800407,
      "n_steps": 30,
      "mean": {
        "accuracy": 0.6796747967479675,
        "precision": 0.7575943934838048,
        "recall": 0.8,
        "f1": 0.7735156805889352,
        "roc_auc": 0.5992569659442725,
        "brier": 0.26337803773767504
      },
      "std": {
        "accuracy": 0.04132769114516692,
        "precision": 0.04284321091819885,
        "recall": 0.09557692240748186,
        "f1": 0.036445327795000454,
        "roc_auc": 0.11702226959289706,
        "brier": 0.04915617709804223
      }
    },
    {
      "sigma": 40.0,
      "epsilon": 2.1968113810247325,
      "delta": 0.002036659877800407,
      "n_steps": 30,
      "mean": {
        "accuracy": 0.7300813008130081,
        "precision": 0.7648148939345472,
        "recall": 0.8847058823529412,
        "f1": 0.8196092765451807,
        "roc_auc": 0.6268730650154799,
        "brier": 0.22339785675933949
      },
      "std": {
        "accuracy": 0.05758026409634398,
        "precision": 0.04364939018773984,
        "recall": 0.03894810672293375,
        "f1": 0.03461513589381986,
        "roc_auc": 0.10551370655552168,
        "brier": 0.03825749583844847
      }
    },
    {
      "sigma": 25.0,
      "epsilon": 3.804387495186507,
      "delta": 0.002036659877800407,
      "n_steps": 30,
      "mean": {
        "accuracy": 0.791869918699187,
        "precision": 0.8030570444764795,
        "recall": 0.9294117647058824,
        "f1": 0.8610672022593737,
        "roc_auc": 0.7121362229102168,
        "brier": 0.1743204584952268
      },
      "std": {
        "accuracy": 0.049212181952590424,
        "precision": 0.04123798657212821,
        "recall": 0.026827657061156168,
        "f1": 0.02975820731874441,
        "roc_auc": 0.0643779445185733,
        "brier": 0.029500064993685883
      }
    },
    {
      "sigma": 15.0,
      "epsilon": 7.268776507407566,
      "delta": 0.002036659877800407,
      "n_steps": 30,
      "mean": {
        "accuracy": 0.8195121951219513,
        "precision": 0.8173235494664066,
        "recall": 0.9529411764705882,
        "f1": 0.8794175848701864,
        "roc_auc": 0.7400619195046441,
        "brier": 0.15560661585310487
      },
      "std": {
        "accuracy": 0.020178331131692432,
        "precision": 0.02024878048815397,
        "recall": 0.030678599553894792,
        "f1": 0.013702700428990399,
        "roc_auc": 0.029203171012968137,
        "brier": 0.01659621675465174
      }
    }
  ],
  "cv_5fold": {
    "accuracy_mean": 0.8078235372517659,
    "accuracy_std": 0.02931392190916938,
    "f1_mean": 0.8750212201296055,
    "f1_std": 0.016815914679613433,
    "auc_mean": 0.6911534114320491,
    "auc_std": 0.06064108572042943,
    "folds_acc": [
      0.8048780487804879,
      0.8211382113821138,
      0.7560975609756098,
      0.8455284552845529,
      0.8114754098360656
    ]
  },
  "permutation_importance": {
    "base_auc": 0.7910216718266254,
    "importances": {
      "Gender": 0.004164086687306501,
      "Married": 0.010077399380804963,
      "Dependents": 0.00911764705882353,
      "Education": 0.004953560371517024,
      "Self_Employed": -0.0010526315789473773,
      "Loan_Amount_Term": -0.0009287925696594479,
      "Credit_History": 0.2632043343653251,
      "Property_Area": 0.020185758513931895,
      "Income_to_Loan_Ratio": 0.006300309597523285,
      "ApplicantIncome_log": 0.013219814241486083,
      "CoapplicantIncome_log": -0.009226006191950475,
      "LoanAmount_log": -0.018962848297213637,
      "TotalIncome_log": 0.04055727554179568,
      "EMI_log": 0.0018885448916408586,
      "Balance_Income_log": 0.0007739938080495223
    }
  },
  "integrated_gradients": {
    "Gender": 0.01622697073510131,